{
  "omnitrix.activation": {
    "sounds": [
      "omnitrix_os_activation"
    ],
    "category": "player"
  },
  "omnitrix.timeout": {
    "sounds": [
      "omnitrix_os_timeout"
    ],
    "category": "player"
  },
  "omnitrix.active": {
    "sounds": [
      "omnitrix_os_active"
    ],
    "category": "player"
  },
  "omnitrix.alien_cycle": {
    "sounds": [
      "omnitrix_os_cycle_1",
	  "omnitrix_os_cycle_2",
	  "omnitrix_os_cycle_3",
	  "omnitrix_os_cycle_4"
    ],
    "category": "player"
  },
  "omnitrix.transformation": {
    "sounds": [
      "omnitrix_os_transformation"
    ],
    "category": "player"
  },
  "heatblast.bomb": {
    "sounds": [
      "heatblast_bomb_explode"
    ],
    "category": "player"
  },
  "xlr8.speeding": {
    "sounds": [
      "xlr8_speeding"
    ],
    "category": "player"
  },
  "xlr8.slide": {
    "sounds": [
      "xlr8_slide"
    ],
    "category": "player"
  },
  "xlr8.punches": {
    "sounds": [
      "xlr8_punches"
    ],
    "category": "player"
  },
  "xlr8.mask": {
    "sounds": [
      "xlr8_mask"
    ],
    "category": "player"
  },
  "ripjaws.bite": {
    "sounds": [
      "ripjaws_bite"
    ],
    "category": "player"
  },

  "armory.invisibility_start": {
    "sounds": [
      "invisibility_start"
    ],
    "category": "player"
  },
  "armory.invisibility_end": {
    "sounds": [
      "invisibility_end"
    ],
    "category": "player"
  },
  "armory.unibeam_charge": {
    "sounds": [
      "unibeam_charge"
    ],
    "category": "player"
  }
}