{
  "omnitrix.activation": {
    "sounds": [
      "omnitrix_os_activation"
    ],
    "category": "player"
  },
  "omnitrix.timeout": {
    "sounds": [
      "omnitrix_os_timeout"
    ],
    "category": "player"
  },
  "omnitrix.active": {
    "sounds": [
      "omnitrix_os_active"
    ],
    "category": "player"
  },
  "omnitrix.alien_cycle": {
    "sounds": [
      "omnitrix_os_cycle_1",
	  "omnitrix_os_cycle_2",
	  "omnitrix_os_cycle_3",
	  "omnitrix_os_cycle_4"
    ],
    "category": "player"
  },
  "omnitrix.transformation": {
    "sounds": [
      "omnitrix_os_transformation"
    ],
    "category": "player"
  },
  "wildmutt.scream": {
    "sounds": [
      "wildmutt_scream"
    ],
    "category": "player"
  },
  "wildmutt.echo": {
    "sounds": [
      "wildmutt_echo"
    ],
    "category": "player"
  },
  "heatblast.flight": {
    "sounds": [
      "heatblast_flight"
    ],
    "category": "player"
  },
  "heatblast.beam": {
    "sounds": [
      "heatblast_beam"
    ],
    "category": "player"
  },
  "diamondhead.blade": {
    "sounds": [
      "diamondhead_blade"
    ],
    "category": "player"
  },
  "diamondhead.charge": {
    "sounds": [
      "diamondhead_charge"
    ],
    "category": "player"
  },
  "diamondhead.deflect": {
    "sounds": [
      "diamondhead_deflect"
    ],
    "category": "player"
  },
  "xlr8.speeding": {
    "sounds": [
      "xlr8_speeding"
    ],
    "category": "player"
  },
  "xlr8.mask": {
    "sounds": [
      "xlr8_mask"
    ],
    "category": "player"
  },
  "gm.building": {
    "sounds": [
      "gm_building"
    ],
    "category": "player"
  },
  "gm.tank.idle": {
    "sounds": [
      "gm_tank_idle"
    ],
    "category": "player"
  },
  "gm.tank.fire": {
    "sounds": [
      "gm_tank_fire"
    ],
    "category": "player"
  },
  "gm.tank.treads": {
    "sounds": [
      "gm_tank_treads"
    ],
    "category": "player"
  },
  "fa.punch": {
    "sounds": [
      "fa_punch1",
	  "fa_punch2",
	  "fa_punch3"
    ],
    "category": "player"
  },
  "stinkfly.flight": {
    "sounds": [
      "stinkfly_flight"
    ],
    "category": "player"
  },
  "ghostfreak.intang.on": {
    "sounds": [
      "ghostfreak_intang_on"
    ],
    "category": "player"
  },
  "ghostfreak.intang.off": {
    "sounds": [
      "ghostfreak_intang_off"
    ],
    "category": "player"
  },
  "upgrade.shoot": {
    "sounds": [
      "upgrade_shoot"
    ],
    "category": "player"
  },
  "upgrade.charge": {
    "sounds": [
      "upgrade_charge"
    ],
    "category": "player"
  },
  "upgrade.transform": {
    "sounds": [
      "upgrade_transform"
    ],
    "category": "player"
  },
  "cannonbolt.rolling": {
    "sounds": [
      "cannonbolt_rolling"
    ],
    "category": "player"
  },
  "cannonbolt.rolling.start": {
    "sounds": [
      "cannonbolt_rolling_start"
    ],
    "category": "player"
  }
}